Gene.Symbol,Refseq_ID,logFC
Lcn2,Lcn2,12.371630276885801
2410004n09rik,Epb41l4aos,12.264677254005802
Galr3,Galr3,12.2206041016522
Mustn1,Mustn1,11.9248577206599
Dusp4,Dusp4,11.919451844135699
Hrct1,Hrct1,11.8737013234065
Slc14a2,Slc14a2,11.8718025522511
Steap4,Steap4,11.746752203133399
Serpina3m,Serpina3m,11.593024877299301
Lrg1,Lrg1,11.588549376058399
Zbtb42,Zbtb42,11.416868440338499
Ifi204,Ifi204,11.264922485917802
Vgll3,Vgll3,11.2357202213766
Apoh,Apoh,11.168079310642
Saa3,Saa3,11.1665523185731
Irak3,Irak3,11.132487163413598
Lao1,Lao1,11.038318162328599
Mamstr,Mamstr,11.022911126020201
B230208h11rik,B230208h11rik,10.925147424695199
5730508b09rik,Fam241a,10.8448927146647
Lsr,Lsr,10.778633268895302
Ttll9,Ttll9,10.6856363187125
Tinagl1,Tinagl1,10.6386377797806
Cnr1,Cnr1,10.410477886812401
Frem2,Frem2,10.3335232968371
Tgm1,Tgm1,10.1166466916957
Marco,Marco,10.0887272219179
Clcf1,Clcf1,9.961745704909971
Sbsn,Sbsn,9.923614269587961
Urb1,Urb1,9.90348891516642
1700086o06rik,1700086o06rik,9.85730544451896
Lgals9,Lgals9,9.82681013993358
Sertad3,Sertad3,9.81153668682666
Sema3g,Sema3g,9.78465834540466
Serpina3f,Serpina3f,9.7555343478304
Cybb,Cybb,9.52567793251736
Serpina3h,Serpina3h,9.51492912809462
Chd3os,Rnf227,9.450089010634919
Rasgrf2,Rasgrf2,9.384037811246891
Cd14,Cd14,9.002505156798222
Gbp5,Gbp5,8.94815021584672
Hinfp,Hinfp,8.94335862073595
A4galt,A4galt,8.93124873671773
Nrip3,Nrip3,8.84132010809852
Rhof,Rhof,8.74720842503346
Rsad2,Rsad2,8.69825487907841
A730017l22rik,A730017l22rik,8.52023416937863
Ifi47,Ifi47,8.44448354511911
Tmem140,Tmem140,8.12745866875219
Oasl1,Oasl1,8.02120593373384
Stxbp5l,Stxbp5l,7.81358066590232
C1ra,C1ra,7.63573026729764
Tom1,Tom1,7.47336490877846
Klc3,Klc3,6.6809538943179
Timp1,Timp1,6.605256603061661
Adamtsl2,Adamtsl2,6.284743136992719
Il13ra1,Il13ra1,5.90093880402698
Socs3,Socs3,5.494675400473651
Acot10,Acot10,5.48541282043975
Serpina3n,Serpina3n,5.43148641226341
Hspb1,Hspb1,5.06801252327358
Angptl4,Angptl4,4.947794480935981
Map3k6,Map3k6,4.88131069390877
Irf1,Irf1,4.83797241645297
Fcgr2b,Fcgr2b,4.739663296955441
H2-t23,H2-t23,4.6855930985483605
Gt(rosa)26sor,Gt(rosa)26sor,4.65394698171191
Irf7,Irf7,4.64411515716393
Icam1,Icam1,4.63111401870137
Junb,Junb,4.59355025649866
Akap13,Akap13,4.4324970116119005
Cxcl10,Cxcl10,4.1981203263231
Galnt15,Galnt15,4.19325557602043
H2-q4,H2-q4,4.18825672828497
Maff,Maff,4.18596030472309
Cd34,Cd34,4.18132050149539
Osmr,Osmr,4.07971997109687
Nupr1,Nupr1,3.9538829035963197
Iigp1,Iigp1,3.9412418790790804
Asxl1,Asxl1,3.91570699640068
Oasl2,Oasl2,3.84331212784405
Tnfrsf12a,Tnfrsf12a,3.8071796396428
Amigo2,Amigo2,3.79732501932113
Gpx3,Gpx3,3.7430973872170097
Cebpd,Cebpd,3.65005303809689
Gbp2,Gbp2,3.56779344650008
Serping1,Serping1,3.4526881178484796
Gbp3,Gbp3,3.40581191178011
Cyr61,Cyr61,3.4005604786713097
Rhoj,Rhoj,3.39796061689527
Usp18,Usp18,3.38654995151952
Nfkbiz,Nfkbiz,3.3174397129260296
Ddc,Ddc,3.26325856650662
Irgm1,Irgm1,3.25461559848038
Aspg,Aspg,3.23467226347017
Plin4,Plin4,3.1342535276400696
Mafk,Mafk,3.1121665951820403
Rtp4,Rtp4,3.09431556871198
Psmb8,Psmb8,3.0448544001234
Ifit1,Ifit1,3.01901968717003
Bcl3,Bcl3,3.0160049342959603
Gadd45b,Gadd45b,3.0139778847137704
Endou,Endou,2.9540671227065998
Fkbp5,Fkbp5,2.9158965700015496
Ggta1,Ggta1,2.8787064016948
Apod,Apod,2.7245575586070094
Hdac7,Hdac7,2.7228768354182296
Fbln5,Fbln5,2.60466892896043
Cdkn1a,Cdkn1a,2.6019394154614903
Cp,Cp,2.45879445192537
Cd109,Cd109,2.42660773840739
Crispld2,Crispld2,2.42569764965218
Synm,Synm,2.4111665326922798
Fads3,Fads3,2.36769018617637
Cxcl12,Cxcl12,2.3265033806034703
Rbm3,Rbm3,2.3169694225679196
Xaf1,Xaf1,2.2810654266586203
Adamts1,Adamts1,2.2807212620749504
Gas5,Gas5,2.2632722256367597
Kif5a,Kif5a,2.24381934599644
Tspan4,Tspan4,2.2416618214981403
Cdo1,Cdo1,2.2241232583190897
Sult1a1,Sult1a1,2.20860933058518
Sbno2,Sbno2,2.20300050289742
Col5a3,Col5a3,2.19877163670898
Plxnd1,Plxnd1,2.17155507555361
Mylk,Mylk,2.1683197059249397
Cd302,Cd302,2.1235153743241297
Ptprn,Ptprn,2.11478468098462
Ifit2,Ifit2,2.10737746512509
Prkcd,Prkcd,2.08131250529592
Camk2n1,Camk2n1,2.06631650912027
Myo1c,Myo1c,2.0591828554543703
Igtp,Igtp,2.05299490630702
Hmgn1,Hmgn1,2.04568614049612
Olfml3,Olfml3,2.0334104122408103
Rasl10b,Rasl10b,2.02087923891344
Zfp869,Zfp869,2.00781501179923
Flnc,Flnc,1.975831678784
Chst2,Chst2,1.9756155639631598
Zyx,Zyx,1.9709229143670701
Jade2,Jade2,1.96599177014036
Neat1,Neat1,1.96061929801427
1700025g04rik,1700025g04rik,1.95503389419332
Slc39a14,Slc39a14,1.92434215454566
Atoh8,Atoh8,1.89670988707434
Frmpd1,Frmpd1,1.89127629429907
Fam129b,Fam129b,1.86935903615468
Gpr179,Gpr179,1.86542065358433
Larp1b,Larp1b,1.86348899339053
Tgm2,Tgm2,1.8622532266880198
Hspb6,Hspb6,1.8565693326824901
Msrb1,Msrb1,1.82949397006199
Mfhas1,Mfhas1,1.8194409740921202
Col4a2,Col4a2,1.81049989905551
Irf9,Irf9,1.8066570150655001
Ifit3,Ifit3,1.80493792566847
Slc43a3,Slc43a3,1.78217639643375
Golga4,Golga4,1.77745677248444
Ifitm3,Ifitm3,1.77155311001681
Eif2ak2,Eif2ak2,1.7500485491951998
Plce1,Plce1,1.74976098876124
Slc39a10,Slc39a10,1.7478353560352502
Synpo,Synpo,1.7448163142909199
Tle1,Tle1,1.73221570133418
H2-d1,H2-d1,1.72429723363255
Ctxn1,Ctxn1,1.7241672787128899
Gap43,Gap43,1.7179717077344498
Flot1,Flot1,1.70713649521979
Bc005537,Bc005537,1.69992393330124
Kremen1,Kremen1,1.69404050316394
Cacna2d3,Cacna2d3,1.68341948083283
Zc3hav1,Zc3hav1,1.6832293486397703
1110008p14rik,1110008p14rik,1.6822105364412299
Tmsb4x,Tmsb4x,1.66124518294533
Ctsl,Ctsl,1.65724901625072
Slc25a34,Slc25a34,1.6557963088426102
Arpc1b,Arpc1b,1.65378200746984
Lrtm2,Lrtm2,1.6471692353573602
Nf2,Nf2,1.63555732440299
Lgals3bp,Lgals3bp,1.6247191173450601
Ppp1r15a,Ppp1r15a,1.62271128047169
Rph3a,Rph3a,1.6172622131102499
Fos,Fos,1.6103347880854197
Foxp4,Foxp4,1.6093098899423302
Kcnc3,Kcnc3,1.6039013103433701
Samd14,Samd14,1.5950711518504
Rarg,Rarg,1.5896519601641002
Nudt4,Nudt4,1.5890669491875402
Capg,Capg,1.5885472419440299
Sat1,Sat1,1.57876817107734
Dnm1,Dnm1,1.5726654814258603
Susd4,Susd4,1.56996760525403
Glipr2,Glipr2,1.5680251563313299
Arid5a,Arid5a,1.56224274291414
Bcl2l1,Bcl2l1,1.5618861859947801
Shisa5,Shisa5,1.5300860626164698
Hap1,Hap1,1.52078762141199
Brinp2,Brinp2,1.51811446981219
Ampd3,Ampd3,1.51640627372515
S100a11,S100a11,1.5094978955179599
Rpsa,Rpsa,1.4909730096201599
Srr,Srr,1.48865839728407
Akap2,Akap2,1.4782392098683899
Efr3b,Efr3b,1.4774575891864898
Zbtb16,Zbtb16,1.47192898027774
Fbxo31,Fbxo31,1.46063792234126
Sun2,Sun2,1.45851408150987
Cmpk2,Cmpk2,1.4537401632435802
Rgl1,Rgl1,1.44822724280793
Gse1,Gse1,1.43091706627244
Rnps1,Rnps1,1.43072835214461
Brd2,Brd2,1.4230071474082802
Smad1,Smad1,1.4221344289051399
Pnpla2,Pnpla2,1.41405562690097
Arl6ip4,Arl6ip4,1.41339455530913
Atf4,Atf4,1.41178457225921
Fyco1,Fyco1,1.4087858432436398
Bst2,Bst2,1.4086445932595801
Ahnak,Ahnak,1.40818445910047
Ppard,Ppard,1.4040314835772902
Sorbs1,Sorbs1,1.40303933420497
Stim1,Stim1,1.3939442068072798
Nln,Nln,1.3922084689071201
Kank1,Kank1,1.3839269021956297
I830012o16rik,Ifit3b,1.3815272397402
Vamp1,Vamp1,1.38004924444526
Capn5,Capn5,1.3720039275711498
Olfm1,Olfm1,1.36979073710215
Spen,Spen,1.3688554004161497
Stat3,Stat3,1.3668596545480298
Kctd10,Kctd10,1.36643155147213
Ifrd1,Ifrd1,1.3652250445024898
Hr,Hr,1.3640427069042098
Pnpo,Pnpo,1.3632176380754297
Ctdsp2,Ctdsp2,1.3611302084869599
Icosl,Icosl,1.35928357884735
Parp3,Parp3,1.3549365772855901
Pick1,Pick1,1.3514128803777399
Ypel3,Ypel3,1.3511870303540001
9-sep,9-sep,1.33856690564004
Spp1,Spp1,1.33828593513228
Myl12a,Myl12a,1.33596123294128
Ncmap,Ncmap,1.3262485371026398
Col16a1,Col16a1,1.31614010770213
Adam15,Adam15,1.3131145035368799
Zfp703,Zfp703,1.30958181956578
Fth1,Fth1,1.2992219928481599
Unc13a,Unc13a,1.2978895053918
Lgals3,Lgals3,1.2972872054254598
Ezr,Ezr,1.29677912069787
Slc6a8,Slc6a8,1.2876652166946598
Mrpl41,Mrpl41,1.28321981493693
Mapk4,Mapk4,1.28195474340807
Macf1,Macf1,1.27608075609776
Znfx1,Znfx1,1.27485166491218
Tead3,Tead3,1.2598427581448601
Zrsr1,Zrsr1,1.25762594342272
Rpl41,Rpl41,1.25426446843555
Tenc1,Tns2,1.25322206003601
2900097c17rik,2900097c17rik,1.24801985811977
Mbnl2,Mbnl2,1.24560276236385
Sncb,Sncb,1.2429071351387602
Tnfrsf1a,Tnfrsf1a,1.23743729810914
Gpx1,Gpx1,1.2358994690274399
Smox,Smox,1.23173231581473
Pcp4l1,Pcp4l1,1.22628842982447
Amotl2,Amotl2,1.21738244928516
Tshz1,Tshz1,1.2137144850324
Gab2,Gab2,1.21118454204615
Smg5,Smg5,1.2103863547425502
H2-k1,H2-k1,1.2100472582467499
Mobp,Mobp,1.20578510369054
Anxa7,Anxa7,1.20282293757731
Mt1,Mt1,1.18984683902556
Tbc1d9b,Tbc1d9b,1.17822251959841
Snapc2,Snapc2,1.16991598423527
1700084c01rik,Ccdc190,1.16792617210154
Camta1,Camta1,1.1611487488833898
S100a6,S100a6,1.15828363910433
Slc5a3,Slc5a3,1.1572861632324298
Itih5,Itih5,1.15468566325621
Mgat3,Mgat3,1.15403424239312
Kansl3,Kansl3,1.14557232492013
Eef2k,Eef2k,1.1378526910104099
Nr1h2,Nr1h2,1.1317868424498
Erf,Erf,1.12733848828168
Psmb10,Psmb10,1.12511111768917
Ppp1r1b,Ppp1r1b,1.12244890505221
Rras,Rras,1.12183888467259
8-mar,8-mar,1.1093333260326799
Capn2,Capn2,1.10347879209479
Erbb2ip,Erbin,1.0941365348985501
Slc4a8,Slc4a8,1.09078133376784
Etnppl,Etnppl,1.0905844769955
Cdc42se1,Cdc42se1,1.0875067012694999
Slc39a1,Slc39a1,1.08369169685003
Kif5c,Kif5c,1.08166567606978
Lamc1,Lamc1,1.07311905534781
Iqsec2,Iqsec2,1.0722092871829698
Rcan2,Rcan2,1.0575334342390301
Polr2m,Polr2m,1.0558857677631301
Midn,Midn,1.0501480363773499
Lgalsl,Lgalsl,1.0467598841144201
Vim,Vim,1.0428316025403699
Clip3,Clip3,1.04136871410127
Ifi27,Ifi27,1.0392774975849
Hip1,Hip1,1.03742483781375
Msn,Msn,1.03669094630982
Chil1,Chil1,1.02876722795263
Stat1,Stat1,1.0255748215943001
Mvp,Mvp,1.02406806848071
Bcl7a,Bcl7a,1.01344944822157
Usp54,Usp54,1.01275583888907
Gjb2,Gjb2,1.0125649340599598
Tspyl2,Tspyl2,1.01157851873912
Arhgef4,Arhgef4,1.0076706764687
Agap3,Agap3,1.00657490112112
Lrrc59,Lrrc59,1.00539694427957
Drp2,Drp2,0.998898292323446
Trim8,Trim8,0.997597965437188
Dlg5,Dlg5,0.989970317644924
Egln2,Egln2,0.985708466546784
Tpm3,Tpm3,0.9790701390366401
Plekhm2,Plekhm2,0.974881812391354
D8ertd738e,D8ertd738e,0.9710808899401752
Cherp,Cherp,0.9707963147082099
Tpt1,Tpt1,0.9653163820849999
Peg13,Peg13,0.961598556872005
Gfra1,Gfra1,0.961575595917075
Sel1l3,Sel1l3,0.953611967667825
Cyp2d22,Cyp2d22,0.952930217951832
Eif3f,Eif3f,0.9411786741913791
Iqsec1,Iqsec1,0.936916844056462
Dbndd2,Dbndd2,0.932035155605385
Gng12,Gng12,0.9278168881050859
Usp24,Usp24,0.9273680786847008
Kctd1,Kctd1,0.9257410429661441
Fam107a,Fam107a,0.9186015441403209
Ptp4a2,Ptp4a2,0.916138930499055
Ehd3,Ehd3,0.9142993826705609
Kcna1,Kcna1,0.9114389354585759
Map7d1,Map7d1,0.9089290993504621
Ptrf,Cavin1,0.90273928158199
Ip6k1,Ip6k1,0.897437566880025
Cadm3,Cadm3,0.895550273082557
Eef1a2,Eef1a2,0.891475641326672
Carhsp1,Carhsp1,0.891035902155907
Map1lc3b,Map1lc3b,0.887859371180114
Abl1,Abl1,0.886538509251417
Arhgap21,Arhgap21,0.8822939373645049
Sqstm1,Sqstm1,0.8808728670298259
Bag1,Bag1,0.8804687455045491
Myo18a,Myo18a,0.880037533952114
Ucp2,Ucp2,0.875178214922235
Pros1,Pros1,0.873338957220894
Cttn,Cttn,0.871884317253171
Wnk2,Wnk2,0.8673736606089599
C4b,C4b,0.8629294530656328
Slc22a4,Slc22a4,0.86291913322396
Tapbp,Tapbp,0.8629029076525558
Prrc2b,Prrc2b,0.8502239010214581
Ctage5,Mia2,0.8499464665512719
Stk25,Stk25,0.8464384043770179
Anapc16,Anapc16,0.8441643657575831
Triobp,Triobp,0.835743528587376
Mark3,Mark3,0.831399144860965
Dhrs1,Dhrs1,0.8295968326884221
Lrrc8a,Lrrc8a,0.8234478498017651
Farp1,Farp1,0.8214703210374509
Mtmr3,Mtmr3,0.8140370873435301
Fus,Fus,0.812904016463777
Adora1,Adora1,0.811800815351392
Cic,Cic,0.804834952404368
Lrig1,Lrig1,0.7994297597864799
Mbp,Mbp,0.797471944092313
Coro1c,Coro1c,0.7921814705746271
Tmem176a,Tmem176a,0.78425791945752
Eif1,Eif1,0.767280793606984
Cdc42ep1,Cdc42ep1,0.752651895034729
Ndst1,Ndst1,0.745656769975161
Wfs1,Wfs1,0.74391000129034
Mcl1,Mcl1,0.743655940768822
Eif4g3,Eif4g3,0.7429501520534209
Trim9,Trim9,0.7374672742330991
Idh2,Idh2,0.730722781005991
Spry2,Spry2,0.7243898276418191
Pdxdc1,Pdxdc1,0.7213091312381321
Tsc22d4,Tsc22d4,0.719167610069658
Mprip,Mprip,0.7106351234667679
Lrp1,Lrp1,0.7104041493645391
Cltb,Cltb,0.710286210787661
Tnk2,Tnk2,0.7047533581478951
Gabarapl1,Gabarapl1,0.698879635652308
Rnf10,Rnf10,0.69715036772529
Sox2,Sox2,0.695767248220544
Ralgds,Ralgds,0.6903522483493439
Tmem176b,Tmem176b,0.687599121483873
Fgfr1,Fgfr1,0.666681748495448
Etl4,Etl4,0.6659377243394721
Ctnna1,Ctnna1,0.662517628801597
Eif4g1,Eif4g1,0.655565011546338
Aldh1l1,Aldh1l1,0.6522892071695879
Sbds,Sbds,0.648398869958869
Rpl4,Rpl4,0.6399104312997691
Ppp1r9b,Ppp1r9b,0.629104875110509
Cnn3,Cnn3,0.6218913263289301
Eef1a1,Eef1a1,0.6195021490229929
Slc1a4,Slc1a4,0.614568063128815
Nfasc,Nfasc,0.6124093854324761
Ywhae,Ywhae,-0.577517976931598
Gsta4,Gsta4,-0.579872402613575
Qk,Qk,-0.5858717886535479
Myo6,Myo6,-0.5871558473173271
Pygb,Pygb,-0.5939615200130761
Tspan7,Tspan7,-0.593987794871595
Atp6ap1,Atp6ap1,-0.597512762047703
Astn1,Astn1,-0.5981981564447449
Slc25a5,Slc25a5,-0.599186390920778
Tmem59,Tmem59,-0.5992257878586329
Prdx2,Prdx2,-0.6088799793380789
Nadk2,Nadk2,-0.6176704675845861
Gnai2,Gnai2,-0.6192473978972121
Ndufa13,Ndufa13,-0.625661424419062
Paqr8,Paqr8,-0.6312212353768821
Calm1,Calm1,-0.632133889019394
Fam134a,Retreg2,-0.633796933697056
Ndufb10,Ndufb10,-0.6375482856968571
Cyp51,Cyp51,-0.637636820032572
Jam2,Jam2,-0.6376871656917861
Smo,Smo,-0.637890903641211
Lxn,Lxn,-0.643446399310928
Tecr,Tecr,-0.647781527935515
Sc5d,Sc5d,-0.65105837035398
Calr,Calr,-0.654582415622124
Scd1,Scd1,-0.6610767029421519
Fkbp9,Fkbp9,-0.6732697307110078
Ldha,Ldha,-0.67443691654955
Atp6v1a,Atp6v1a,-0.6766847217008989
Ndufa11,Ndufa11,-0.6897096135165199
Luzp2,Luzp2,-0.690227762014858
Slc22a17,Slc22a17,-0.6931653082683471
Stard7,Stard7,-0.693663860488131
Ergic3,Ergic3,-0.6943674669140429
Hadh,Hadh,-0.6953391990294799
Tm9sf3,Tm9sf3,-0.700912059077705
Gprc5b,Gprc5b,-0.7016230972887181
Sqle,Sqle,-0.703380654195046
Sdhc,Sdhc,-0.707752920281633
Tmem9b,Tmem9b,-0.7094054586146741
Arl6ip1,Arl6ip1,-0.7101157881761271
Ptdss1,Ptdss1,-0.713630388147808
Tspan3,Tspan3,-0.717520795614016
Etfb,Etfb,-0.7196457313148691
Man2a2,Man2a2,-0.720495980550523
Chchd3,Chchd3,-0.720528021461193
Cyc1,Cyc1,-0.7248861724797391
Psat1,Psat1,-0.7248899356061921
Emc7,Emc7,-0.7265458184874221
Calm3,Calm3,-0.728592497650667
Btbd1,Btbd1,-0.730019106028105
Laptm4a,Laptm4a,-0.7327792346399449
Gria1,Gria1,-0.732816944211549
Cops6,Cops6,-0.733540882769538
Hrsp12,Rida,-0.7368391558140709
Reep3,Reep3,-0.738824900482453
Erp29,Erp29,-0.7390299499039841
Col23a1,Col23a1,-0.7393322295944621
Asrgl1,Asrgl1,-0.742207158653231
Taldo1,Taldo1,-0.744001609511929
S1pr1,S1pr1,-0.745615569057519
Mdk,Mdk,-0.745949177132763
Cstf2t,Cstf2t,-0.7489993469268259
Emc3,Emc3,-0.752421077391063
Mapk3,Mapk3,-0.7525751609315551
Ablim2,Ablim2,-0.755083428478918
Tceal3,Tceal3,-0.756332123580228
9530068e07rik,9530068e07rik,-0.7591162575123771
Atl2,Atl2,-0.759816515750407
Pltp,Pltp,-0.766371636689082
Agpat5,Agpat5,-0.768062984952783
Fnta,Fnta,-0.769047145894973
Fjx1,Fjx1,-0.769956926848578
Fez1,Fez1,-0.770043475677259
Slc44a1,Slc44a1,-0.771875878282109
Ndufc2,Ndufc2,-0.7729051298322549
Pmm1,Pmm1,-0.7734564143446279
Ddost,Ddost,-0.7782321563670379
Eci1,Eci1,-0.779826620216798
Dbi,Dbi,-0.7848862193645291
Spcs2,Spcs2,-0.786236938929996
Mtch1,Mtch1,-0.7868226177966191
Pla2g7,Pla2g7,-0.7877651277528391
Agpat1,Agpat1,-0.788851232167083
Ndufv2,Ndufv2,-0.7894053502428969
Chpt1,Chpt1,-0.793940419124088
Prkag1,Prkag1,-0.7959803054812721
Ptprd,Ptprd,-0.7985554840154592
Vdac2,Vdac2,-0.799405101769667
Carkd,Naxd,-0.80125570965034
Amot,Amot,-0.8034937656851271
Dner,Dner,-0.8055789053226741
Bmpr1a,Bmpr1a,-0.8091912675639151
Ndufs7,Ndufs7,-0.813065802754213
Tmco1,Tmco1,-0.817579024418827
Tspyl1,Tspyl1,-0.81801824357666
Gja1,Gja1,-0.821549004843463
Tmem47,Tmem47,-0.824201828162708
Def8,Def8,-0.82479100470048
Reep5,Reep5,-0.82655870983451
Cox5a,Cox5a,-0.8303728772812259
Gpd1,Gpd1,-0.8316041198850059
Slc7a10,Slc7a10,-0.832285189560016
Enpp2,Enpp2,-0.8335683236942341
Rcn2,Rcn2,-0.834667340732321
Asna1,Asna1,-0.8388140312573241
Paqr7,Paqr7,-0.8474343968490731
Akr7a5,Akr7a5,-0.8483575301435708
Slc38a3,Slc38a3,-0.8504856819003871
Timp3,Timp3,-0.851517673722332
Ramp1,Ramp1,-0.852023444241968
Cldn10,Cldn10,-0.855854228914721
Pfkl,Pfkl,-0.8563960779573171
Slc25a18,Slc25a18,-0.8570219948806159
Cuedc2,Cuedc2,-0.8588991915896671
Insig1,Insig1,-0.860140111025269
Tubb4a,Tubb4a,-0.8616561483753241
Tspan31,Tspan31,-0.862585513960945
Haghl,Haghl,-0.8665455341132471
Fads2,Fads2,-0.8672138560410779
Aqp4,Aqp4,-0.867976715056723
Msantd4,Msantd4,-0.869462772002567
Itm2c,Itm2c,-0.8711544237275849
Slc35a2,Slc35a2,-0.872688394679907
Tmem147,Tmem147,-0.88133924109286
Ednrb,Ednrb,-0.881761365266408
Snrk,Snrk,-0.8827269161175602
Vhl,Vhl,-0.890405658506843
Txndc15,Txndc15,-0.893491917883803
Tppp,Tppp,-0.8953549740630871
Ahcyl1,Ahcyl1,-0.900519841216119
Me1,Me1,-0.9017070568840408
Car14,Car14,-0.903226962520854
Nkain4,Nkain4,-0.903358389947918
Arhgap5,Arhgap5,-0.9058576030339971
Tmem135,Tmem135,-0.913268670783139
Gbas,Nipsnap2,-0.9160442385726311
Fkbp3,Fkbp3,-0.9203978631142842
Sgce,Sgce,-0.9274141065703149
Prkag2,Prkag2,-0.9332497804158871
Ppp1r1a,Ppp1r1a,-0.933911070926477
Psd2,Psd2,-0.9344046986136371
Vta1,Vta1,-0.939219755629923
Tmx2,Tmx2,-0.9393865352263209
Nap1l1,Nap1l1,-0.942731559037019
Efhd1,Efhd1,-0.943563710460913
Txndc16,Txndc16,-0.9437382753839979
Dbp,Dbp,-0.950970445576342
Tpi1,Tpi1,-0.9516041509107579
Tuba4a,Tuba4a,-0.9561812419570509
Cdc37l1,Cdc37l1,-0.95658405231199
Gpm6a,Gpm6a,-0.956610671011874
Ntsr2,Ntsr2,-0.9619597143726859
Ptgr2,Ptgr2,-0.9628997557836371
Tmem205,Tmem205,-0.9653970395309951
4-sep,4-sep,-0.970946020840117
Hdac2,Hdac2,-0.9716721473155229
Gm20300,Gm20300,-0.973825251932902
Sfxn5,Sfxn5,-0.986691047412712
Enoph1,Enoph1,-0.9878786274372751
Adcy2,Adcy2,-0.987960799029916
Mboat2,Mboat2,-0.989395319948515
Mtx1,Mtx1,-0.9902029235450479
Fnbp1l,Fnbp1l,-0.9904972921093929
Ncan,Ncan,-0.992477641760996
Cmtm5,Cmtm5,-0.997480188015821
Txndc5,Txndc5,-0.9987979275016979
Tmem33,Tmem33,-1.00162072735205
Marcks,Marcks,-1.01034466426731
Ergic1,Ergic1,-1.01588225547383
Cnih1,Cnih1,-1.01762683212383
Ctnna2,Ctnna2,-1.0318206399121401
Mgll,Mgll,-1.03205842204148
Atp5g1,Atp5g1,-1.0338146298913802
Gnb5,Gnb5,-1.03926833539802
Hey2,Hey2,-1.0418375756059202
Anapc4,Anapc4,-1.0423567295988299
Adi1,Adi1,-1.04426448081779
G6pc3,G6pc3,-1.04504177521596
Ppa2,Ppa2,-1.0518665084230199
Wls,Wls,-1.0533875642975201
Ptplad1,Hacd3,-1.05525009548104
Zfp503,Zfp503,-1.0614095219036899
Alpl,Alpl,-1.06304916511102
Lmf1,Lmf1,-1.06940506072622
Sccpdh,Sccpdh,-1.07517599423908
Hlf,Hlf,-1.07635163334953
Omg,Omg,-1.07950220706366
Endog,Endog,-1.08184052654559
Tmc7,Tmc7,-1.08482337626656
1110051m20rik,1110051m20rik,-1.08562789155829
Entpd5,Entpd5,-1.0856340836701899
Btbd3,Btbd3,-1.08567802849281
Mvk,Mvk,-1.08610720916179
E2f5,E2f5,-1.08700942101863
Eps15,Eps15,-1.08785648980282
Coq7,Coq7,-1.0922112255135301
Snx5,Snx5,-1.0950752980106702
Fam120c,Fam120c,-1.09690781564047
Rnf126,Rnf126,-1.09771015803013
Apln,Apln,-1.10338197066874
Lgi3,Lgi3,-1.10523717366958
Pigs,Pigs,-1.1074780724789
Tmem9,Tmem9,-1.11165163098809
Kpna3,Kpna3,-1.11325245966936
Btbd17,Btbd17,-1.11774834044139
Ntm,Ntm,-1.12117325625621
Sirpa,Sirpa,-1.12213278492556
Sgpp1,Sgpp1,-1.12672600008357
Sdc2,Sdc2,-1.12805189474856
Smyd1,Smyd1,-1.13314043139754
Ank,Ank,-1.1346454359551998
Scg5,Scg5,-1.1360028385625
Ccnd2,Ccnd2,-1.1383466281576298
Sfxn1,Sfxn1,-1.14488608940767
1110001j03rik,Fmc1,-1.1479319130281
Dhcr7,Dhcr7,-1.14849241913725
Fbxo2,Fbxo2,-1.15840251351224
4930402h24rik,4930402h24rik,-1.1587553188006499
Adcyap1r1,Adcyap1r1,-1.1700002469598898
Gdpd2,Gdpd2,-1.1772561887871102
Metrn,Metrn,-1.17795959252125
Gstt3,Gstt3,-1.1779711855041102
Rab33b,Rab33b,-1.17903493542074
Ephx2,Ephx2,-1.18057262854028
Tmem255a,Tmem255a,-1.18248279445018
Tmed2,Tmed2,-1.18350560254479
Fxyd6,Fxyd6,-1.18541082396483
Polr3h,Polr3h,-1.1883885785194
Slc35b2,Slc35b2,-1.19083930589571
Apip,Apip,-1.1914157780589099
Qdpr,Qdpr,-1.19265487481533
Eno1b,Eno1b,-1.20300918929652
Tspan33,Tspan33,-1.22007702135008
Slc13a3,Slc13a3,-1.2258153393692701
Osgep,Osgep,-1.22787271951223
Pgm5,Pgm5,-1.2340076311922599
Tmem35,Tmem35a,-1.2462471355062599
Paqr6,Paqr6,-1.24799082269005
Cers5,Cers5,-1.26645874256272
Fuz,Fuz,-1.2671611541174699
Mpz,Mpz,-1.27365116572079
Negr1,Negr1,-1.28382364478721
Ptn,Ptn,-1.29276403399471
Nit1,Nit1,-1.30025118105285
Igfbp4,Igfbp4,-1.3041182281371297
Emp2,Emp2,-1.32603495353056
Sv2b,Sv2b,-1.32938228397003
Chid1,Chid1,-1.33717907206924
Entpd6,Entpd6,-1.34187967683492
Dhrs7b,Dhrs7b,-1.34937333170502
P4ha1,P4ha1,-1.35007825577818
2210016f16rik,2210016f16rik,-1.3709394126436298
Ccnh,Ccnh,-1.37639440518801
Padi2,Padi2,-1.38276286213381
Rnf7,Rnf7,-1.38464893149645
D3ertd751e,D3ertd751e,-1.3877786267248797
Slc30a1,Slc30a1,-1.3916884894102401
Them4,Them4,-1.39330025273467
Fabp7,Fabp7,-1.3946969985854099
Steap3,Steap3,-1.39659773731203
Mob4,Mob4,-1.40109968670627
Mat2a,Mat2a,-1.40528829593456
Rlbp1,Rlbp1,-1.42095833142479
Mxra7,Mxra7,-1.42258198017363
Ece2,Ece2,-1.43645023081247
Ak4,Ak4,-1.44022385988045
Tst,Tst,-1.4489864709753502
Lman2l,Lman2l,-1.45624287262052
Commd10,Commd10,-1.45758089228385
Lcat,Lcat,-1.4602200408665702
Pllp,Pllp,-1.4721817038995
Thrsp,Thrsp,-1.48317975782157
Fat3,Fat3,-1.49146726649991
Amt,Amt,-1.49589428368523
Hhatl,Hhatl,-1.50553915289409
Fndc5,Fndc5,-1.53370266400554
Lgals1,Lgals1,-1.5401062048979801
Plod2,Plod2,-1.5416139475777098
Msx1,Msx1,-1.54230913173772
Arxes2,Arxes2,-1.54683534956272
Tenm4,Tenm4,-1.55643862852299
Mog,Mog,-1.5768078539344201
Rhobtb3,Rhobtb3,-1.58666365178498
C1ql1,C1ql1,-1.5969403721536002
Pamr1,Pamr1,-1.60192896072359
Reep1,Reep1,-1.6362255269464299
Tnfaip6,Tnfaip6,-1.64079640893523
Nsg2,Nsg2,-1.65000919425266
Shisa9,Shisa9,-1.65609422886204
Tspan6,Tspan6,-1.6599739365803399
Bgn,Bgn,-1.6632365617768503
Rfx3,Rfx3,-1.6959162368896201
Phgdh,Phgdh,-1.70222422718767
Emg1,Emg1,-1.70319202148702
Ten1,Ten1,-1.70598158522318
Fam126a,Fam126a,-1.7205697107661102
Dhrs7,Dhrs7,-1.73328289398949
Exd2,Exd2,-1.7982000668636102
Ppp1r3g,Ppp1r3g,-1.81536893998912
Vldlr,Vldlr,-1.83026057068571
Mlh3,Mlh3,-1.86522921547867
Ccp110,Ccp110,-1.9543488095059198
Arxes1,Arxes1,-1.9729193233008
Bcs1l,Bcs1l,-1.9736724740943798
Rdh5,Rdh5,-2.02640501097053
Fuom,Fuom,-2.05038049051225
Lpar1,Lpar1,-2.07186156618779
Rtn2,Rtn2,-2.1130179131002502
Cidea,Cidea,-2.15820148811373
Tmem86a,Tmem86a,-2.20436365805483
Echdc3,Echdc3,-2.25725929885458
Col1a1,Col1a1,-2.3054093532109503
Dctd,Dctd,-2.30823656137545
Tagln3,Tagln3,-2.4309624762215
Gdf10,Gdf10,-2.56276360282543
Aplnr,Aplnr,-2.5727077075754
Nrep,Nrep,-2.6881850550543906
Tnr,Tnr,-2.72894678775269
Clec3b,Clec3b,-2.98816998754897
Myoc,Myoc,-4.49364498904709
Arl5c,Arl5c,-6.26012003149994
Hjurp,Hjurp,-6.716217044168861
Fam92b,Fam92b,-7.706482217935609
Sycp3,Sycp3,-8.34677266298744
Pmp2,Pmp2,-11.2308298041762
Senp8,Senp8,-12.1880133888886
Rdh12,Rdh12,-12.2258128239326
